{"cameraMode":{"drawMode":0,"name":"Shaded","section":"Shading Mode"},"sceneLighting":false,"audioPlay":false,"sceneViewState":{"showFog":true,"showMaterialUpdate":false,"showSkybox":false,"showFlares":true,"showImageEffects":true,"showParticleSystems":true},"in2DMode":false,"pivot":{"x":-0.003627002239227295,"y":0.1088833212852478,"z":0.07029165327548981},"rotation":{"x":-0.040274057537317279,"y":0.6908082365989685,"z":-0.0385938361287117,"w":-0.7208831906318665},"size":0.6866027116775513,"orthographic":false}