{"cameraMode":{"drawMode":0,"name":"Shaded","section":"Shading Mode"},"sceneLighting":false,"audioPlay":false,"sceneViewState":{"showFog":true,"showMaterialUpdate":false,"showSkybox":false,"showFlares":true,"showImageEffects":true,"showParticleSystems":true},"in2DMode":false,"pivot":{"x":0.08283501118421555,"y":0.04139776527881622,"z":-0.006945240311324596},"rotation":{"x":-0.040274057537317279,"y":0.6908082365989685,"z":-0.0385938361287117,"w":-0.7208831906318665},"size":0.04330134391784668,"orthographic":false}